Date,User,Isi,Sentiment,cleartweet
0,"sesuai target dunia ancam resesi,netral"
1,"nyemplung sampe minus mustahil sih sampe q untun halo resesi udah ilang nih isu,negatif"
2,"prediksi tumbuh lambat core indonesia p,netral"
3,"ancam resesi global butuh bijak fiskal moneter kelola risiko,netral"
4,"lewat resesi global,positif"
5,"cabut status ppkm optimis kondisi ekonomi indonesia tumbuh positif aba kisar,positif"
6,"resesi global dampak ri respons rhenald kasali,netral"
7,"harga minyak prediksi jeblok usd barel analis pasar khawatir resesi,negatif"
8,"prestasi nomor dunia byk negara resesi,negatif"
9,"harga minyak prediksi jeblok usd barel analis pasar khawatir resesi,negatif"
10,"cabut status ppkm optimis kondisi ekonomi indonesia tumbuh positif aba kisar,positif"
11,"hadap resesi plt bupati tingkat produksi pangan mimika berita hari atas,positif"
12,"butuh strategi jaga minta domestik turun minta global yap s,netral"
13,"cabut status ppkm optimis kondisi ekonomi indonesia tumbuh positif aba kisar,positif"
14,"harga minyak prediksi jeblok usd barel analis pasar khawatir resesi,negatif"
15,"perintah hadap resesi global,netral"
16,"harga minyak prediksi jeblok usd barel analis pasar khawatir resesi,negatif"
17,"hadap ancam resesi tim agile ekipa academy lengkap,netral"
18,"harga minyak prediksi jeblok usd barel analis pasar khawatir resesi,negatif"
19,"harga minyak prediksi jeblok usd barel analis pasar khawatir resesi,negatif"
20,"cabut status ppkm optimis kondisi ekonomi indonesia tumbuh positif aba kisar,positif"
21,"cabut status ppkm optimis kondisi ekonomi indonesia tumbuh positif aba kisar,positif"
22,"perppu ciptaker lebih selamat indonesia ancam resesi dunia simak lebih vide,positif"
23,"butuh strategi jaga minta domestik turun minta global yap s,netral"
24,"cabut status ppkm optimis kondisi ekonomi indonesia tumbuh positif aba kisar,positif"
25,"cabut status ppkm optimis kondisi ekonomi indonesia tumbuh positif aba kisar,positif"
26,"cabut status ppkm optimis kondisi ekonomi indonesia tumbuh positif aba kisar,positif"
27,"cabut status ppkm optimis kondisi ekonomi indonesia tumbuh positif aba kisar,positif"
28,"fakta ekonomi indonesia kembang thn dlm kondisi normal,negatif"
29,"mula moga hasil baik kolaborasi perintah pusat provins,positif"
30,"sbg manusia jkw jg krkurangan lg kait dgn janji polit,netral"
31,"org resesi beneran kah,netral"
32,"stress pikir resesi tingkat waspada strategi finansial efektif,positif"
33,"no resepsi but resesi,negatif"
34,"harga minyak prediksi jeblok usd barel analis pasar khawatir resesi,negatif"
35,"tarif pdam abai negara nasib rakyat,negatif"
36,"cabut status ppkm optimis kondisi ekonomi indonesia tumbuh positif aba kisar,positif"
37,"utang bengkak salah bukti kgagalan pmerintah mngelola negara utang indikator bhwa resesi m,negatif"
38,"harga minyak prediksi jeblok usd barel analis pasar khawatir resesi,negatif"
39,"no resepsi but resesi,negatif"
40,"cabut status ppkm optimis kondisi ekonomi indonesia tumbuh positif aba kisar,positif"
41,"harga minyak prediksi jeblok usd barel analis pasar khawatir resesi,negatif"
42,"harga minyak prediksi jeblok usd barel analis pasar khawatir resesi,negatif"
43,"konser so dewa sukses resesi,netral"
44,"amerika resesi dunia runyam,negatif"
45,"kaya hapus miskin,netral"
46,"harga minyak prediksi jeblok usd barel analis pasar khawatir resesi,negatif"
47,"amerika resesi dunia runyam,negatif"
48,"cabut status ppkm optimis kondisi ekonomi indonesia tumbuh positif aba kisar,positif"
49,"cabut status ppkm optimis kondisi ekonomi indonesia tumbuh positif aba kisar,positif"
50,"cabut status ppkm optimis kondisi ekonomi indonesia tumbuh positif aba kisar,positif"
51,"cabut status ppkm optimis kondisi ekonomi indonesia tumbuh positif aba kisar,positif"
52,"harga minyak prediksi jeblok usd barel analis pasar khawatir resesi,negatif"
53,"utang bengkak salah bukti kgagalan pmerintah mngelola negara utang indikator bhwa resesi m,negatif"
54,"harga minyak prediksi jeblok usd barel analis pasar khawatir resesi,negatif"
55,"harga minyak prediksi jeblok usd barel analis pasar khawatir resesi,negatif"
56,"outlook imf bank dunia percaya acu resesi global,netral"
57,"harga minyak prediksi jeblok usd barel analis pasar khawatir resesi,negatif"
58,"harga minyak prediksi jeblok usd barel analis pasar khawatir resesi,negatif"
59,"harga minyak prediksi jeblok usd barel analis pasar khawatir resesi,negatif"
60,"harga minyak prediksi jeblok usd barel analis pasar khawatir resesi,negatif"
61,"harga minyak prediksi jeblok usd barel analis pasar khawatir resesi,negatif"
62,"harga minyak prediksi jeblok usd barel analis pasar khawatir resesi,negatif"
63,"harga minyak prediksi jeblok usd barel analis pasar khawatir resesi,negatif"
64,"outlook imf vs bank dunia mitos resesi global republika id,netral"
65,"cabut status ppkm optimis kondisi ekonomi indonesia tumbuh positif aba kisar,positif"
66,"kmu ga syukur indo ga kena resesi,negatif"
67,"dukung rezim cuci tangan dgn ser ang kroni,negatif"
68,"pajak ga resesi tka bawa ajarin kerja lokal udh selesai pulan,negatif"
69,"utang bengkak salah bukti kgagalan pmerintah mngelola negara utang indikator bhwa reses,negatif"
70,"populer perintah jumawa respons ancam resesi jokowi terbit pp dana sdm desa,netral"
71,"takut bayangbayang resesi coba hemat belanja butuh jelang ramadan,netral"
72,"resesi ekonomi tampak ekonomi indonesia roket,positif"
73,"minggu panewu sanden den ngajis haono sstp hadir gelar reses i,netral"
74,"ya allah phk resesi ya,negatif"
75,"gdp indonesia hasil hindar resesi kerja gedein i g m,positif"
76,"embargo milik padi sagu minyak gas alam emas dll ada uang ce,negatif"
77,"ambang resesi global presiden jokowi ekonomi gelap,negatif"
78,"indonesia syukur blm kena resesi seks konsumsi rmh tangga msh,positif"
79,"resesi ekonomi sdh ujung tanduk,positif"
80,"resesi global robe kiyosaki aset harga,netral"
81,"indo tuh resesi ya gaada yg gratis amp cepat ngapain ya iri tinggal bikin au yak woopsie,negatif"
82,"mikir resesi,netral"
83,"ada gimana bang resesi afrika,netral"
84,"baik tutup program ancam resesi,negatif"
85,"negara alami resesi seks warga malas hubung badan,netral"
86,"perppu ciptaker lebih selamat indonesia ancam resesi dunia simak lebih d,positif"
87,"iran rusia china korea utara musuh bebuyutan amerika sekutu nato bijak pro c,netral"
88,"pilih cinta biar pas uang uang cinta kalo uang uang ga cinta yah,netral"
89,"resesi global inflasi kiris moneter bullshit embargo ekonomi indonesia puruk,negatif"
90,"seru bgt peanyaannya mnku iya deh kak krn galangsung sektor tuh pegang,positif"
91,"jalan tol bangun bendung kereta cepat ibukota proyek bangun manfaat d,positif"
92,"obat asam lambung kena dampak resesi,netral"
93,"resesi pengaruh gak sektor didik,netral"
94,"jepang siaga resesi seks perintah bentuk badan khusus,netral"
95,"dibayangbayangi resesi,negatif"
96,"robe kiyosaki ingat resesi global buru asetaset,negatif"
97,"sulit staup survive pasuk resesi nder kmrn baca staup mul,netral"
98,"jepang siaga resesi seks perintah bentuk badan khusus,netral"
99,"cyclical sesuai nama kalo emg siklus ekonomi masuk resesi demand energi turun suppl,netral"
100,"guys efek resesi sdh,netral"
101,"teknologi ai manuver big tech tantang resesi global,positif"
102,"oh lupa bentar lag,netral"
103,"imf sepeiga ekonomi dunia alami resesi,negatif"
104,"ga dihitu,netral"
105,"udah tau klo indonesia,negatif"
106,"tanda tanda resesi,netral"
107,"mampu perintah membay,negatif"
108,"yg dukung dhe anggota kabinet menang dhe atasin yg nama,netral"
109,"resesi nyata,netral"
110,"ponakan gw makan gemes sayang orang jepang resesi jarang yg anak,negatif"
111,"ituteh gokilll cizeuniiii indonesia resesi inimah wkwk,positif"
112,"stock perban suku bunga slow down tp impact resesi indo ga signifikan,netral"
113,"aman resesi ya please do educate me on this one im such a newbie here rujak shm,netral"
114,"resesi unicornnya gk duit ya ampun jokenya realistis,netral"
115,"yoi resesi ekonoi selamat dunia,netral"
116,"harga minyak prediksi jeblok usd barel analis pasar khawatir resesi,negatif"
117,"negara warga ogah anak alami resesi seks,netral"
118,"bnp paribas kabar risiko resesiapa,netral"
119,"bnp paribas kabar risiko resesiapa,netral"
120,"yess boss selamat resesi emote,positif"
121,"pandang plt ketua paai satu bangun ppp muhammad mardiono peluang penu,positif"
122,"harga minyak mentah anjlok tanda resesi,netral"
123,"upaya gol panjang jabat periode presiden joko widodo jokowi lanjut coba dik,netral"
124,"pandang plt ketua paai satu bangun ppp muhammad mardiono peluang bag,netral"
125,"ra ngurus resesi wes kulino urip susah o,negatif"
126,"karna indonesia banyak nikah muda gak resesi sex gak buru buru ya wkwkwk,netral"
127,"suka deh selamat tinggal pandemi resesi,positif"
128,"resesi wanprestasi kredit salah indikator resesi ekonomi macet dapat anjlok akiba,negatif"
129,"rhenald sentil menteri uang sri mulyani pede indonesia resesi mikir,negatif"
130,"bahaya resesi maksa ikn ikn another big lie bener takut kuasa ganti,negatif"
131,"moga nikah model pei tren positif mudah anakanak muda keluarga it,positif"
132,"resesi suku bunga angka lehman collapse suku bunga gagal,netral"
133,"deret rahasia dompet save kondisi resesi,netral"
134,"upaya gol panjang jabat periode presiden joko widodo jokowi lanjut co,netral"
135,"mohon ijin menko sy dr blora resesi nyata orang j,netral"
136,"ekonomi eropa usa burik lockdown inflasi dampak krisis energi amp bantu ukraina ekonomi b,negatif"
137,"salah negara yg gak kena resesi indonesia keren,positif"
138,"hadir seminar online gratis solusi bisnis anti resesi kupas tuntas ngopi bayar minggu tanggal,positif"
139,"takut bayangbayang resesi coba hemat belanja butuh jelang ramadan,positif"
140,"g butuh butuh banget coli minimal sexs tuju utama pria resesi,negatif"
141,"resesi,negatif"
142,"isu resesi kaya maenan konglomerat bersih,negatif"
143,"yg cari krisis inflasi mengahasilkan orkay baruu ya gov,negatif"
144,"ancam resesi global rhenald kasali sentil sri mulyani perintah jumawa,negatif"
145,"ancam resesi global rhenald kasali sentil sri mulyani perintah jumawa,negatif"
146,"ancam resesi global rhenald kasali sentil sri mulyani perintah jumawa,negatif"
147,"duduk indonesia juta program kb gagal total resesi sex landa warga sema,netral"
148,"harga resesi dunia,netral"
149,"mata fpi amp hti bangsa hancur mata masyarakat yg rasional objektif b,negatif"
150,"yg blm gampang ancam resesi banyak pnm bny g jalan krna disamain kayak bank emok,negatif"
151,"indonesia udah masuk resesi usaha kabur ogah peres habis,negatif"
152,"ramal resesigempa alam dll moga mai mahanani menang lunas hutang amin,positif"
153,"vokalis wacana tunda milu kian beambahskrg ketpppliriknya samapemulihan covid amp ancam resesi dun,netral"
154,"dasar lapor pimpin dunia cemas resesi prediksi,netral"
155,"naik harga bbm selamat ekonomi indonesia ancam resesi global,netral"
156,"adang isu resesi strategi bank btn kejar target,netral"
157,"cari kumpeni yg aman badai resesi,negatif"
158,"ancam resesi global rhenald kasali sentil sri mulyani perintah jumawa,negatif"
159,"indonesia susul kaya gak resesi kaya china korea jepang indo fenomena,negatif"
160,"jokowi sukses salip as china alhasil ri masuk negara resesi,positif"
161,"china seret tsunami resesi global laku agresi militer indonesi,netral"
162,"resesi amp perang bikin dunia chaos,negatif"
163,"resesi ekonomi us jg j powell hindar,netral"
164,"labor market prima naik interes,netral"
165,"aman anda resesi,positif"
166,"adang isu resesi strategi bank btn kejar target,netral"
167,"resesi global mas,negatif"
168,"isi resesi udah ga hot ya konser dewa jis penuh,netral"
169,"butuh strategi jaga minta domestik turun minta global yap s,netral"
170,"china seret tsunami resesi global laku agresi militer indonesi,netral"
171,"malu malu kucing malu malu coba tutup malu sok konstitusion,negatif"
172,"covid resesi dunia meleset dr kira,negatif"
173,"china seret tsunami resesi global laku agresi militer indonesi,netral"
174,"indonesia tugas berat hindar resesi peumbuhan ekonomi,netral"
175,"aneh rakyat kena dampak resesi lha pbb naik berat rakyat hello anggota dprd s,negatif"
176,"vokalis wacana tunda milu kian beambahskrg ketpppliriknya samapemulihan covid amp ancam resesi dun,netral"
177,"vokalis wacana tunda milu kian beambahskrg ketpppliriknya samapemulihan covid amp ancam resesi dun,netral"
178,"halo apakabar resesi basa basi dar cari sensasi coba,negatif"
179,"vokalis wacana tunda milu kian beambahskrg ketpppliriknya samapemulihan covid amp ancam resesi dun,netral"
180,"china alami resesi seks bijak atas,positif"
181,"ngeri fakta cepat resesi ekonomi indonesia khabar syir,negatif"
182,"naik harga emas peanda resesi global,netral"
183,"china seret tsunami resesi global laku agresi militer indonesi,netral"
184,"china seret tsunami resesi global laku agresi militer indonesi,netral"
185,"aneh rakyat kena dampak resesi lha pbb naik berat rakyat hello anggota dprd s,negatif"
186,"china seret tsunami resesi global laku agresi militer indonesi,netral"
187,"banding negara resesi harga pangan,negatif"
188,"aneh rakyat kena dampak resesi lha pbb naik berat rakyat hello anggota dprd s,negatif"
189,"ngomongin pengaruh resesi potensi banyak sleepcall krn orang pusing haha,netral"
190,"vokalis wacana tunda milu kian beambahskrg ketpppliriknya samapemulihan covid amp ancam resesi dun,netral"
191,"vokalis wacana tunda milu kian beambahskrg ketpppliriknya samapemulihan covid amp ancam resesi dun,netral"
192,"vokalis wacana tunda milu kian beambahskrg ketpppliriknya samapemulihan covid amp ancam resesi dun,netral"
193,"perppu cipta kerja duga langgar putus mahkamah konstitusi langgar azas genting paksa berda,negatif"
194,"kek ga resesi kripto pelan,netral"
195,"dampak resesi minim btn optimistis target capai,positif"
196,"ya umr tau ya tingkat inflasi rate suku bunga depan,netral"
197,"btn optimistis target capai,positif"
198,"vokalis wacana tunda milu kian beambahskrg ketpppliriknya samapemulihan covid amp ancam resesi dun,netral"
199,"china seret tsunami resesi global laku agresi militer indonesi,netral"
200,"pandemi sektor ekonomi puruk sektor peanian selamat resesi i,positif"
201,"resepsi resesi yes,positif"
202,"aneh rakyat kena dampak resesi lha pbb naik berat rakyat hello anggota dprd s,negatif"
203,"resesi,negatif"
204,"vokalis wacana tunda milu kian beambahskrg ketpppliriknya samapemulihan covid amp ancam resesi dun,netral"
205,"bbc yg ngomong rusia jahattentara ukraina kejam tembak mati siksa tentara rusia,negatif"
206,"awas ancam resesi mata benteng,negatif"
207,"firman tuhan disepelein petuah nabi dilupain gilir ramal zodiak didengerin gilir prediksi resesi diaminin,negatif"
208,"aneh rakyat kena dampak resesi lha pbb naik berat rakyat hello anggota dprd s,negatif"
209,"butuh strategi jaga minta domestik turun minta global yap s,netral"
210,"indonesia negara kena resesi indonesia mantisipasi ancam resesi me,netral"
211,"vokalis wacana tunda milu kian beambahskrg ketpppliriknya samapemulihan covid amp ancam resesi dun,netral"
212,"resesi sedih kuat,netral"
213,"kalo resesi rill thn tetep percaya yeremia amsal mazmur kej,positif"
214,"moga indonesia,positif"
215,"santai nama dek,netral"
216,"perintah optimis indonesia alami resesi rhenald kasali jemawa,netral"
217,"resesi tp abis smw tu tiket konser,positif"
218,"perintah klaim ri resesi rhenald kasali jumawa,netral"
219,"vokalis wacana tunda milu kian beambahskrg ketpppliriknya samapemulihan covid amp ancam resesi dun,netral"
220,"aneh rakyat kena dampak resesi lha pbb naik berat rakyat hello anggota dprd s,negatif"
221,"vokalis wacana tunda milu kian beambahskrg ketpppliriknya samapemulihan covid amp ancam resesi dun,netral"
222,"vokalis wacana tunda milu kian beambahskrg ketpppliriknya samapemulihan covid amp ancam resesi dun,netral"
223,"aneh rakyat kena dampak resesi lha pbb naik berat rakyat hello anggota dprd s,negatif"
224,"bottom gak susah kena resesi idup bare minimum kalo guncang gak parah a,netral"
225,"oh that i agree im gonna say resesi kena masyarakat yg vulnarable maybe bottom,netral"
226,"i was talking about resesi alone but youre right jakaa susah orang,netral"
227,"lumayan hemat keluar tengah resesi wkwk,positif"
228,"opo iku resesi,netral"
229,"orang spending restoran ramen butuh mudah jalan macet,netral"
230,"china seret tsunami resesi global laku agresi militer indonesi,netral"
231,"iya sisa disimpen siap resesi,netral"
232,"vokalis wacana tunda milu kian beambahskrg ketpppliriknya samapemulihan covid amp ancam resesi dun,netral"
233,"aneh rakyat kena dampak resesi lha pbb naik berat rakyat hello anggota dprd s,negatif"
234,"salah indikator icp alias harga minyak dunia tri,netral"
235,"peemuan dg tokoh usaha singkawang erick thohir tantang hadap indonesia,netral"
236,"erick tantang sedia sempat pulih ekonomi bisnis isu res,positif"
237,"vokalis wacana tunda milu kian beambahskrg ketpppliriknya samapemulihan covid amp ancam resesi dun,netral"
238,"aneh rakyat kena dampak resesi lha pbb naik berat rakyat hello anggota dprd s,negatif"
239,"vokalis wacana tunda milu kian beambahskrg ketpppliriknya samapemulihan covid amp ancam resesi dun,netral"
240,"aneh rakyat kena dampak resesi lha pbb naik berat rakyat hello anggota dprd s,negatif"
241,"appointment april gila orang jakaa anti resesi ya,negatif"
242,"aneh rakyat kena dampak resesi lha pbb naik berat rakyat hello anggota dprd s,negatif"
243,"vokalis wacana tunda milu kian beambahskrg ketpppliriknya samapemulihan covid amp ancam resesi dun,netral"
244,"apa depan mata sdh bnyak pulung pngamen tanda,negatif"
245,"hm alih perintah depan prospek negara maju sejahtera,netral"
246,"vokalis wacana tunda milu kian beambahskrg ketpppliriknya samapemulihan covid amp ancam resesi dun,netral"
247,"negara resesi sex pantesan indonesia aman aman otak nya slangkangan,negatif"
248,"yuk atas resesi resepsi solusi bangkit ekonomi lokal,positif"
249,"vokalis wacana tunda milu kian beambahskrg ketpppliriknya samapemulihan covid amp ancam resesi dun,netral"
250,"turun ekonomi singkat parah prediksi,positif"
251,"turun ekonomi singkat parah prediksi,netral"
252,"resesi resesi buka akad nikah,netral"
253,"day seminar nasional himpun mahasiswa program studi tema hadap resesi global strategi d,positif"
254,"resesi ekonomi indonesia alami resesi,netral"
255,"erick tantang sedia sempat pulih ekonomi bisnis,netral"
256,"happy bihday to you too brother selamat beahan hidup resesi moga jumpa baruga,positif"
257,"iya woi sampe web nya down fuck resesi,negatif"
258,"guys kalo tds sold out berai indonesia gak resesi fuck resesi orang uang,negatif"
259,"kolaborasi sinergi kunci umkm bal tangguh hadap resesi,positif"
260,"peemuan dg tokoh usaha singkawang erick thohir tantang hadap indo,netral"
261,"kolaborasi sinergi kunci umkm bal tangguh hadap resesi,positif"
262,"kolaborasi sinergi kunci umkm bal tangguh hadap resesi,positif"
263,"imf salut indonesia ekonomi baik tengah resesi,positif"
264,"januari pusat riset politik brin gelar seminar political outlook indonesia demokrasi hak as,negatif"
265,"superindo ritel kelompok yg indonesia smp skrg b,netral"
266,"aneh rakyat kena dampak resesi lha pbb naik berat rakyat hello anggota dprd s,negatif"
267,"aneh rakyat kena dampak resesi lha pbb naik berat rakyat hello anggota dprd s,negatif"
268,"aneh rakyat kena dampak resesi lha pbb naik berat rakyat hello anggota dprd s,negatif"
269,"kolaborasi sinergi kunci umkm bal tangguh hadap resesi,positif"
270,"umkm peran selamat ekonomi indonesia tengah jurang resesi,positif"
271,"aneh rakyat kena dampak resesi lha pbb naik berat rakyat hello anggota dprd s,negatif"
272,"optimis ekonomi indonesia maju cepat mes pandemi resesi,positif"
273,"perppu ciptaker siap indonesia tantang global resesi ekonomi,positif"
274,"vokalis wacana tunda milu kian beambahskrg ketpppliriknya samapemulihan covid amp ancam resesi dun,netral"
275,"vokalis wacana tunda milu kian beambahskrg ketpppliriknya samapemulihan covid amp ancam resesi dun,netral"
276,"resesi resesi resepsi kui resesi,negatif"
277,"china seret tsunami resesi global laku agresi militer indonesi,netral"
278,"kolaborasi sinergi kunci umkm bal tangguh hadap resesi,positif"
279,"vokalis wacana tunda milu kian beambahskrg ketpppliriknya samapemulihan covid amp ancam resesi dun,netral"
280,"aneh rakyat kena dampak resesi lha pbb naik berat rakyat hello anggota dprd s,negatif"
281,"aneh rakyat kena dampak resesi lha pbb naik berat rakyat hello anggota dprd s,negatif"
282,"daya beli masyarakat peanda indonesia sanggup beahan alami resesi,positif"
283,"vokalis wacana tunda milu kian beambahskrg ketpppliriknya samapemulihan covid amp ancam resesi dun,netral"
284,"aneh rakyat kena dampak resesi lha pbb naik berat rakyat hello anggota dprd s,negatif"
285,"kolaborasi sinergi kunci umkm bal tangguh hadap resesi,positif"
286,"kolaborasi sinergi kunci umkm bal tangguh hadap resesi,positif"
287,"swasembada beras suar hadap resesi global,negatif"
288,"aneh rakyat kena dampak resesi lha pbb naik berat rakyat hello anggota dprd s,negatif"
289,"resesi wkwkwk,negatif"
290,"indonesia resesi ekonomi indonesia lihat tandatanda baik,positif"
291,"banding negara yg rasa resesi ekonomi infla,netral"
292,"smoga resesi km resepsi,positif"
293,"resesi jual rumah apaemen kabar,netral"
294,"inimah boro indo resesi seks,negatif"
295,"usaha direksi ceo global indonesia jatim hadap resesi global,positif"
296,"indonesia alami resesi ekonomi maju,positif"
297,"aneh rakyat kena dampak resesi lha pbb naik berat rakyat hello anggota dprd s,negatif"
298,"aneh rakyat kena dampak resesi lha pbb naik berat rakyat hello anggota d,negatif"
299,"vokalis wacana tunda milu kian beambahskrg ketpppliriknya samapemulihan covid amp ancam resesi dun,netral"
300,"feb penuh sm jadwal travel fair mar penuh sm jadwal konser resesi,negatif"
301,"gaung resesi tuh k pelanpelan k k,negatif"
302,"err ngapain dipikirin org resesi seks negara udah maju mah anak sampe mampus,negatif"
303,"coba bahas inflasi resesi ekonomi marvel universe,netral"
304,"edemagazine volume kali edisi september desember beemakan inside the box of medkominfo,netral"
305,"udah tanda resesi teman financial crucial bagi t,negatif"
306,"resesi is real,negatif"
307,"china seret tsunami resesi global laku agresi militer indonesi,netral"
308,"vokalis wacana tunda milu kian beambahskrg ketpppliriknya samapemulihan covid amp ancam resesi dun,netral"
309,"china seret tsunami resesi global laku agresi militer indonesi,netral"
310,"china seret tsunami resesi global laku agresi militer ind,netral"
311,"vokalis wacana tunda milu kian beambahskrg ketpppliriknya samapemulihan covid amp ancam resesi dun,netral"
312,"sempet minus trus turun tpi kaya minus mata gue naek yahh karna resesi global,negatif"
313,"vokalis wacana tunda milu kian beambahskrg ketpppliriknya samapemulihan covid amp ancam resesi dun,netral"
314,"sebar hoax sea takut hutang resesi pailit yg cipta utk lengser jokowi,negatif"
315,"wiken tutup cha weekly dxy gagah perkasa gagal ngebreak strong suppo imbas isi fomc kali saham,netral"
316,"resesi jual rumah apaemen kabar,netral"
317,"vokalis wacana tunda milu kian beambahskrg ketpppliriknya samapemulihan covid amp ancam resesi dun,netral"
318,"resesi ekonomi global,negatif"
319,"milik komitmen prioritas ekonomi pulih bangun ekonomi digital lanjut,netral"
320,"milik komitmen prioritas ekonomi pulih bangun ekonomi digital lanjut,netral"
321,"vokalis wacana tunda milu kian beambahskrg ketpppliriknya samapemulihan covid amp ancam resesi dun,netral"
322,"solusi kencang gagas resesi daya perempuan ekonomi salah satu,positif"
323,"situasi ekonomi serba beemunya krisis energi krisis pangan,negatif"
324,"diplomasi indonesia dorong kerja asean erat pole,positif"
325,"ancam resesi hantu mayoritas usaha konstruksi indonesia kondisi usaha,netral"
326,"naik harga emas peanda resesi global,netral"
327,"solusi yg kencang gagas resesi adl mberdayakn perempuan ekonomi,positif"
328,"solusi kencang gagas resesi daya perempuan ekonomi salah satu,positif"
329,"gerai kopi kenang plasa kalong tutup susul gerai kopi janji jiwa sapugarut i,netral"
330,"resesi pls bagus bangetttttttttttt,positif"
331,"perppu cipta kerja desak perintah antisipasi risiko ketidakpastian global antar,netral"
332,"perppu ciptaker upaya hadap resesi global tingkat inflasi ancam stagflasi,positif"
333,"bilang aja siap resesi global,negatif"
334,"lg presiden jokowi utk realistis dunia landa mega resesi thn termsk indonesia hutang meri,negatif"
335,"perppu cipta kerja desak perintah antisipasi risiko ketidakpastian global antar,netral"
336,"perppu ciptaker upaya hadap resesi global tingkat inflasi ancam stagflasi,netral"
337,"moga kerja asean kuat negara kembang kayak indonesia memulihk,positif"
338,"indonesia susul kaya gak resesi kaya china korea jepang indo fenomena,negatif"
339,"keren banget sih moga indonesia negara anggota asean jaga stabilitas,positif"
340,"salah upaya jaga mempeahankan stabilitas damai kawasan indopasifik diselengg,positif"
341,"tingkat risiko stagflasi resesi ekonomi sulit hindar risiko stagflasi konse,negatif"
342,"budaya ekonomi dagang indonesia moga stabil d gempur isu resesi,positif"
343,"resesi global ekonomi global alami turun peumbuhan ikut,netral"
344,"ingat resesi ekonomi muncul sama stagflasi akibat pandemi covid tambah perang rus,negatif"
345,"situasi ekonomi serba beemunya krisis energi krisis pangan,negatif"
346,"vokalis wacana tunda milu kian beambahskrg ketpppliriknya samapemulihan covid amp ancam resesi dun,netral"
347,"hemat krna resesi,negatif"
348,"perintah apa sejahtera rakyat jalan tol bangun bendung kereta cepat,positif"
349,"biar resesi lupa bikin adek ya kawankawan,netral"
350,"vokalis wacana tunda milu kian beambahskrg ketpppliriknya samapemulihan covid amp ancam resesi dun,netral"
351,"kalo beneran resesi come true predik baik akumulasi q q ajar,netral"
352,"vokalis wacana tunda milu kian beambahskrg ketpppliriknya samapemulihan covid amp ancam resesi dun,netral"
353,"indonesia bebas jurang resesi,positif"
354,"kalo resesi deh rangorang emang aja yg harga mahal ketimbang supe,netral"
355,"as tuh perang dagang aja udah kalah palagi perang mrk masuk resesi gt,negatif"
356,"siklus resesi risk asset pei crypto komoditas cenderung turun,netral"
357,"vokalis wacana tunda milu kian beambahskrg ketpppliriknya samapemulihan covid amp ancam resesi dun,netral"
358,"prediksi resesi ekonomi kakanwil ajak jajar bawah biasa,netral"
359,"vokalis wacana tunda milu kian beambahskrg ketpppliriknya samapemulihan covid amp ancam resesi dun,netral"
360,"bacasn resesi bikin,netral"
361,"vokalis wacana tunda milu kian beambahskrg ketpppliriknya samapemulihan covid amp ancam resesi dun,netral"
362,"bpk presiden jokowi yg presiden ri indon,negatif"
363,"vokalis wacana tunda milu kian beambahskrg ketpppliriknya samapemulihan covid amp ancam resesi dun,netral"
364,"bip nya lbp habis umur blm lunas paksa saat negara msh susah resesi ekonomy d,negatif"
365,"vokalis wacana tunda milu kian beambahskrg ketpppliriknya samapemulihan covid amp ancam resesi dun,netral"
366,"vokalis wacana tunda milu kian beambahskrg ketpppliriknya samapemulihan covid amp ancam resesi dun,netral"
367,"vokalis wacana tunda milu kian beambahskrg ketpppliriknya samapemulihan covid amp ancam resesi dun,netral"
368,"vokalis wacana tunda milu kian beambahskrg ketpppliriknya samapemulihan covid amp ancam resesi dun,netral"
369,"ekonomi indonesia kuat hadap ancam resesi global,positif"
370,"vokalis wacana tunda milu kian beambahskrg ketpppliriknya samapemulihan covid amp ancam resesi dun,netral"
371,"milik komitmen prioritas ekonomi pulih bangun ekonomi digital lanjut,netral"
372,"ya moga aja ngga sampe resesi yak gw bangkit dr depresot ya masuk jurang alas,negatif"
373,"indo kuat pengaruh resesi n inflasi global,netral"
374,"milik komitmen prioritas ekonomi pulih bangun ekonomi digital lanjut,netral"
375,"dear langkah tata poofolio hadap resesi,netral"
376,"ngobrolin resesi yuk han,netral"
377,"vokalis wacana tunda milu kian beambahskrg ketpppliriknya samapemulihan covid amp ancam resesi dun,netral"
378,"vokalis wacana tunda milu kian beambahskrg ketpppliriknya samapemulihan covid amp ancam resesi dun,netral"
379,"vokalis wacana tunda milu kian beambahskrg ketpppliriknya samapemulihan covid amp ancam resesi dun,netral"
380,"vokalis wacana tunda milu kian beambahskrg ketpppliriknya samapemulihan covid amp ancam resesi dun,netral"
381,"kalo resesi ya masyarakat desa sungguh pengaruh gaya hidup amp sumber daya,netral"
382,"desa orang gak ngomong ancam resesi hidup baikbaik jujur gak peduli su,netral"
383,"vokalis wacana tunda milu kian beambahskrg ketpppliriknya samapemulihan covid amp ancam resesi dun,netral"
384,"pokok mata dokter apa ekomomi yg krn salah jokowi,negatif"
385,"avs ya hindar resesi yuk simak tips hindar resesi postingan,positif"
386,"weekend gue ngisi dgn bacabaca repo social media trend amp marketing gue kelompokkin a,netral"
387,"vokalis wacana tunda milu kian beambahskrg ketpppliriknya samapemulihan covid amp ancam resesi dun,netral"
388,"resesi nanya td paperbowl tk plastik rb isi,netral"
389,"sangka resesi trjadi sektor ekonomi sektor waras amp moral,negatif"
390,"indonesia susul kaya gak resesi kaya china korea jepang indo fenomena,negatif"
391,"boomers hidup nyaman dgn kerja liat tips finansial pasuk resesi,negatif"
392,"woi nenek tua babi skrg resesi ekonomi faktor eksternal covid perang rusia ukraina j,negatif"
393,"plis lucu banget resesi diomongim,negatif"
394,"vokalis wacana tunda milu kian beambahskrg ketpppliriknya samapemulihan covid amp ancam resesi dun,netral"
395,"vokalis wacana tunda milu kian beambahskrg ketpppliriknya samapemulihan covid amp ancam resesi dun,netral"
396,"vokalis wacana tunda milu kian beambahskrg ketpppliriknya samapemulihan covid amp ancam resesi dun,netral"
397,"besik ilmu yg longtream tahan resesi pijet ndakik sekolah tuju,negatif"
398,"vokalis wacana tunda milu kian beambahskrg ketpppliriknya samapemulihan covid amp ancam resesi dun,netral"
399,"vokalis wacana tunda milu kian beambahskrg ketpppliriknya samapemulihan covid amp ancam resesi dun,netral"
400,"resesi is real guys indo emang delay aja banding eropa,netral"
401,"peumbuhan duduk imbang jokowi senang indonesia hindar resesi seks aremania yuli sumpil andy carroll eriks,positif"
402,"badai resesi gimana nasib orang miskin ri,negatif"
403,"tanda tanda resesi,positif"
404,"vokalis wacana tunda milu kian beambahskrg ketpppliriknya samapemulihan covid amp ancam resesi dun,netral"
405,"resesi is real,netral"
406,"raymon yg ngasih kabar indonesia resesi yaa,netral"
407,"vokalis wacana tunda milu kian beambahskrg ketpppliriknya samapemulihan covid amp ancam resesi dun,netral"
408,"indonesia susul kaya gak resesi kaya china korea jepang indo fenomena,negatif"
409,"ngak resesi,positif"
410,"duduk kualitas kuat ekonomi negara negara alami resesi seks,netral"
411,"badan duduk keluarga rencana nasional bkkbn aceh turun angka lahir aceh buka,netral"
412,"badan duduk keluarga rencana nasional bkkbn aceh turun angka lahir aceh buka,netral"
413,"badan duduk keluarga rencana nasional bkkbn aceh turun angka lahir aceh,netral"
414,"kakanwil andika prinsip syariah untung,positif"
415,"resesi seks pakde,netral"
416,"vokalis wacana tunda milu kian beambahskrg ketpppliriknya samapemulihan covid amp ancam resesi dun,netral"
417,"vokalis wacana tunda milu kian beambahskrg ketpppliriknya samapemulihan covid amp ancam resesi dun,netral"
418,"milik komitmen prioritas ekonomi pulih bangun ekonomi digital lanjut,netral"
419,"vokalis wacana tunda milu kian beambahskrg ketpppliriknya samapemulihan covid amp ancam resesi dun,netral"
420,"vokalis wacana tunda milu kian beambahskrg ketpppliriknya samapemulihan covid amp ancam resesi dun,netral"
421,"nggak resesi nih kayak,positif"
422,"rahasia dompet aman ancam resesi,positif"
423,"dunia ancam resesi mazaya post,negatif"
424,"vokalis wacana tunda milu kian beambahskrg ketpppliriknya samapemulihan covid amp ancam resesi dun,netral"
425,"vokalis wacana tunda milu kian beambahskrg ketpppliriknya samapemulihan covid amp ancam resesi dun,netral"
426,"vokalis wacana tunda milu kian beambahskrg ketpppliriknya samapemulihan covid amp ancam resesi dun,netral"
427,"vokalis wacana tunda milu kian beambahskrg ketpppliriknya samapemulihan covid amp ancam resesi dun,netral"
428,"resesi,positif"
429,"bps fomc maret kayak ok nih nfp bagus banget wkwkwkwk resesi wkwk,netral"
430,"vokalis wacana tunda milu kian beambahskrg ketpppliriknya samapemulihan covid amp ancam resesi dun,netral"
431,"vokalis wacana tunda milu kian beambahskrg ketpppliriknya samapemulihan covid amp ancam resesi dun,netral"
432,"vokalis wacana tunda milu kian beambahskrg ketpppliriknya samapemulihan covid amp ancam resesi dun,netral"
433,"vokalis wacana tunda milu kian beambahskrg ketpppliriknya samapemulihan covid amp ancam resesi dun,netral"
434,"negara alami resesi seks warga ogah anak,negatif"
435,"vokalis wacana tunda milu kian beambahskrg ketpppliriknya samapemulihan covid amp ancam resesi dun,netral"
436,"jd gue komen kalo otak isi jgn ngewe mulu dh resesi cari kerja kheekeh block ya ta block,negatif"
437,"tantang vegetarian prihatin resesi,netral"
438,"lumayan nder kalo resesi hemat sampe ganti presiden beli,negatif"
439,"yupyup blibli jg bakar duit jd ga trlalu pengaruh angin resesi,positif"
440,"alhamdulillah kabar resesi target marketku kayak ga ikut kena dampak resesi thank you for hustle,positif"
441,"menteri koordinator bidang ekonomi airlangga haao optimistis indonesia lewat resesi ekonomi global,positif"
442,"turut susah s kondisi resesi gin nego gaji alotperusahaan lakuin ef,negatif"
443,"gila ya asu skintific ni naik gak alas resesi bawa bawa lg,negatif"
444,"china jg sm bg inti negara asia timur alami resesi lahir,netral"
445,"vokalis wacana tunda milu kian beambahskrg ketpppliriknya samapemulihan covid amp ancam resesi dun,netral"
446,"korea lgi pasuk resesi lahir kak sdm nya kurang,netral"
447,"kala rakyat blm lepas pandemi yg dampak kpd resesi ekonomi mik,negatif"
448,"milik komitmen prioritas ekonomi pulih bangun ekonomi digital lanjut,positif"
449,"indonesia susul kaya gak resesi kaya china korea jepang indo fenomena,negatif"
450,"vokalis wacana tunda milu kian beambahskrg ketpppliriknya samapemulihan covid amp ancam resesi dun,netral"
451,"milik komitmen prioritas ekonomi pulih bangun ekonomi digital lanjut,positif"
452,"vokalis wacana tunda milu kian beambahskrg ketpppliriknya samapemulihan covid amp ancam resesi dun,netral"
453,"sucipto zepp pasar tradisional geliat ekonomi resesi,positif"
454,"vokalis wacana tunda milu kian beambahskrg ketpppliriknya samapemulihan covid amp ancam resesi dun,netral"
455,"indonesia susul kaya gak resesi kaya china korea jepang indo fenomena,negatif"
456,"bea situasi yg ancam resesi dollar mele,netral"
457,"indonesia susul kaya gak resesi kaya china korea jepang indo fenomena,negatif"
458,"vokalis wacana tunda milu kian beambahskrg ketpppliriknya samapemulihan covid amp ancam resesi dun,netral"
459,"vokalis wacana tunda milu kian beambahskrg ketpppliriknya samapemulihan covid amp ancam resesi dun,netral"
460,"indonesia susul kaya gak resesi kaya china korea jepang indo fenomena,negatif"
461,"vokalis wacana tunda milu kian beambahskrg ketpppliriknya samapemulihan covid amp ancam resesi dun,netral"
462,"kosgoro henti keliling utk ekonomi bangsa tumbuh ancam resesi global s,positif"
463,"vokalis wacana tunda milu kian beambahskrg ketpppliriknya samapemulihan covid amp ancam resesi dun,netral"
464,"vokalis wacana tunda milu kian beambahskrg ketpppliriknya samapemulihan covid amp ancam resesi dun,netral"
465,"vokalis wacana tunda milu kian beambahskrg ketpppliriknya samapemulihan covid amp ancam resesi dun,netral"
466,"vokalis wacana tunda milu kian beambahskrg ketpppliriknya samapemulihan covid amp ancam resesi dun,netral"
467,"vokalis wacana tunda milu kian beambahskrg ketpppliriknya samapemulihan covid amp ancam resesi dun,netral"
468,"vokalis wacana tunda milu kian beambahskrg ketpppliriknya samapemulihan covid amp ancam resesi dun,netral"
469,"vokalis wacana tunda milu kian beambahskrg ketpppliriknya samapemulihan covid amp ancam resesi dun,netral"
470,"vokalis wacana tunda milu kian beambahskrg ketpppliriknya samapemulihan covid amp ancam resesi dun,netral"
471,"vokalis wacana tunda milu kian beambahskrg ketpppliriknya samapemulihan covid amp ancam resesi dun,netral"
472,"vokalis wacana tunda milu kian beambahskrg ketpppliriknya samapemulihan covid amp ancam resesi dun,netral"
473,"vokalis wacana tunda milu kian beambahskrg ketpppliriknya samapemulihan covid amp ancam resesi dun,netral"
474,"moga indonesia stabil ancam resesi,netral"
475,"vokalis wacana tunda milu kian beambahskrg ketpppliriknya samapemulihan covid amp ancam resesi dun,netral"
476,"vokalis wacana tunda milu kian beambahskrg ketpppliriknya samapemulihan covid amp ancam resesi dun,netral"
477,"vokalis wacana tunda milu kian beambahskrg ketpppliriknya samapemulihan covid amp ancam resesi dun,netral"
478,"bom ngerasain makan hari engga ngegasss hut rezim angka kelaperan t,negatif"
479,"vokalis wacana tunda milu kian beambahskrg ketpppliriknya samapemulihan covid amp ancam resesi dun,netral"
480,"menteri negeri negaranegara asean peemuan peama pimpin indonesia,netral"
481,"vokalis wacana tunda milu kian beambahskrg ketpppliriknya samapemulihan covid amp ancam resesi dun,netral"
482,"milik komitmen prioritas ekonomi pulih bangun ekonomi digital lanjut,netral"
483,"vokalis wacana tunda milu kian beambahskrg ketpppliriknya samapemulihan covid amp ancam res,netral"
484,"garam gula rusia gak resesi resesi,negatif"
485,"yuk tonton ngobrol seru by idn times menteri koperasi umkm teten masduki tema ngobrol seru kali a,netral"
486,"resesi inflasi skala global dampak lapis masyarakat kecu,netral"
487,"indonesia gak resesi simpel lo cari berita,positif"
488,"milik komitmen prioritas ekonomi pulih bangun ekonomi digital berkela,netral"
489,"lps kira ekonomi indonesia lanjut tumbuh daya tahan ekonomi indonesia mas,positif"
490,"ya pandai aja simpan olah uang klo resesi,netral"
491,"bahas arah resesi trus,negatif"
492,"indonesia libat agenda dunia tengah resesi pei,positif"
493,"ngobrolin resesi mata ulama,netral"
494,"wajar sih kalok indonesia potensi alami resesi sex,netral"
495,"indonesia susul kaya gak resesi kaya china korea jepang indo fenomena,negatif"
496,"lps kira ekonomi indonesia lanjut tumbuh daya tahan ekonomi indonesia mas,positif"
497,"trend orang miskin turun om naik akibat pandemi resesi dunia,positif"
498,"lps kira ekonomi indonesia lanjut tumbuh daya tahan ekonomi indonesia mas,positif"
499,"indonesia libat agenda dunia tengah resesi pei ketua kad,positif"
500,"aja sih jepang udah resesi berpuluhpuluh,negatif"
501,"suasana resesi xiaomi siap ponsel murah redmi a series pasar indonesia bagi mobitekno xiaomi,netral"
502,"suasana resesi xiaomi siap ponsel murah redmi a series pasar indonesia bagi mobitekno,netral"
503,"swasembada beras suar hadap resesi global,positif"
504,"indonesia susul kaya gak resesi kaya china korea jepang indo fenomena,negatif"
505,"hadap resesi dunia erick thohir peumbuhan indonesia persen ht,positif"
506,"gagal diri rasa sisi manusia al tengah resesi dunia ter,netral"
507,"ndas ngelu cok butuh nikah gak titik drg bayang i butuh hidup paska nikah resesi global bener kabupaten,negatif"
508,"indonesia susul kaya gak resesi kaya china korea jepang indo fenomena,negatif"
509,"indonesia susul kaya gak resesi kaya china korea jepang indo fenomena,negatif"
510,"indonesia susul kaya gak resesi kaya china korea jepang indo fenomena,negatif"
511,"indonesia susul kaya gak resesi kaya china korea jepang indo fenomena,negatif"
512,"kompetisi apaorg bensin aja proses singapura bensin koooook kompetisiya mata uang rupiah nai,netral"
513,"ekonomi sulit layoff dimanamana bonus hapus resesi intai,negatif"
514,"indonesia bule,netral"
515,"indonesia susul kaya gak resesi kaya china korea jepang indo fenomena,negatif"
516,"ngiritmen i ngp to bro siap resesi to,negatif"
517,"indonesia susul kaya gak resesi kaya china korea jepang indo fenomena,negatif"
518,"hadap resesi dunia erick thohir peumbuhan indonesia persen ht,positif"
519,"hadap resesi dunia erick thohir peumbuhan indonesia persen,positif"
520,"indonesia susul kaya gak resesi kaya china korea jepang indo fenomena,negatif"
521,"asean titik terang dunia resesi,positif"
522,"ancam resesi ekonomi asia tenggara ratarata peumbuhan ekonomi du,netral"
523,"indonesia susul kaya gak resesi kaya china korea jepang indo fenomena,negatif"
524,"yooooo krisis energi over supply yg resesi economic,negatif"
525,"indonesia susul kaya gak resesi kaya china korea jepang indo fenomena,negatif"
526,"indonesia susul kaya gak resesi kaya china korea jepang indo fenomena,negatif"
527,"percaya kalo indonesia resesi jiwa,negatif"
528,"sing ngono ojo takut takutin resesi duit ga muter tokone agu,negatif"
529,"resesi ekonomi beli rasional,netral"
530,"yg menundagamau nikah tp gue cm s yg udh sadar kalo hidup hrs,netral"
531,"indonesia susul kaya gak resesi kaya china korea jepang indo fenomena,negatif"
532,"indonesia susul kaya gak resesi kaya china korea jepang indo fenomena,negatif"
533,"jam kuliah bicara sri mulyani perkara resesi apbn sm bijak fiskal langsung tambah ilmu j,positif"
534,"resesi,netral"
535,"beban hidup mahal hindar warga realitanya p,negatif"
536,"indonesia susul kaya gak resesi kaya china korea jepang indo fenomena,negatif"
537,"indonesia susul kaya gak resesi kaya china korea jepang indo fenomena,negatif"
538,"isu resesi gimana kembang market crypto depan,netral"
539,"indonesia susul kaya gak resesi kaya china korea jepang indo fenomena,negatif"
540,"sucipto zepp pasar tradisional geliat ekonomi resesi,positif"
541,"indonesia susul kaya gak resesi kaya china korea jepang indo fenomena,negatif"
542,"dpr ri ngotot indonesia laksana milu ancam resesi global,netral"
543,"data scientist harap ekonomi indonesia baik ind,positif"
544,"perppu cipta kerja duga langgar putus mahkamah konstitusi langgar azas genting paksa berda,negatif"
545,"indonesia susul kaya gak resesi kaya china korea jepang indo fenomena,negatif"
546,"ngga ekonomi dunia aja yg alami resesi dunia pergiveawaya,netral"
547,"indonesia susul kaya gak resesi kaya china korea jepang indo fenomena,negatif"
548,"lps kira ekonomi indonesia lanjut tumbuh daya tahan ekonomi indonesia mas,positif"
549,"indonesia susul kaya gak resesi kaya china korea jepang indo fenomena,negatif"
550,"indonesia susul kaya gak resesi kaya china korea jepang indo fenomena,negatif"
551,"iya resesi manusia org yg anak,netral"
552,"inflasi resesi gin beda perak aja hitung bgt belanja bulan utk keluarga is n,negatif"
553,"klepon mu isine isih udah gaisss dampak resesi global klepon ng kene isine mung,negatif"
554,"indonesia susul kaya gak resesi kaya china korea jepang indo fenomena,negatif"
555,"indonesia susul kaya gak resesi kaya china korea jepang indo fenomena,negatif"
556,"bisnis bidang propei yuk ikut tuan tanah talk skill developer,positif"
557,"resesi ekonomi indonesia alami resesi,netral"
558,"alhamdulillah sri mulyani resesi sumber media kolaborasi indon,positif"
559,"indonesia susul kaya gak resesi kaya china korea jepang indo fenomena,negatif"
560,"lps kira ekonomi indonesia lanjut tumbuh daya tahan ekonomi indonesia mas,positif"
561,"gw kecewa sih gw makan isi tricks keping gmn jd sedih gw makan g,negatif"
562,"sebab ekonomi indonesia kuat badai resesi,positif"
563,"lps kira ekonomi indonesia lanjut tumbuh daya tahan ekonomi indonesia mas,positif"
564,"fukkk resesi,negatif"
565,"lps kira ekonomi indonesia lanjut tumbuh daya tahan ekonomi indonesia mas,positif"
566,"indonesia susul kaya gak resesi kaya china korea jepang indo fenomena,negatif"
567,"indonesia susul kaya gak resesi kaya china korea jepang indo fenomena,negatif"
568,"indonesia susul kaya gak resesi kaya china korea jepang indo fenomena,negatif"
569,"indonesia susul kaya gak resesi kaya china korea jepang indo fenomena,negatif"
570,"lps kira ekonomi indonesia lanjut tumbuh daya tahan ekonomi indonesia mas,positif"
571,"resesi dunia ambang pintu erick thohir optimis ekonomi indonesia tumbuh persen,positif"
572,"lps kira ekonomi indonesia lanjut tumbuh daya tahan ekonomi indonesia mas,positif"
573,"indonesia susul kaya gak resesi kaya china korea jepang indo fenomena,negatif"
574,"lps kira ekonomi indonesia lanjut tumbuh daya tahan ekonomi indonesia mas,positif"
575,"resilience ancam resesi global ekspor mobil cbu roket,positif"
576,"indonesia susul kaya gak resesi kaya china korea jepang indo fenomena,negatif"
577,"indonesia susul kaya gak resesi kaya china korea jepang indo fenomena,negatif"
578,"saran agresif rebalancing pofolio adany,netral"
579,"halo kak dengar berita resesi iniapakah trend positiv s,netral"
580,"buat bijak pimpin bisnis kumpul forum ekonomi dunia davos simpul tant,netral"
581,"akibat warning yg keluar ttg resesisaat masyarakat ketakutanitu bs,netral"
582,"lps kira ekonomi indonesia lanjut tumbuh daya tahan ekonomi indonesia mas,positif"
583,"lps kira ekonomi indonesia lanjut tumbuh daya tahan ekonomi indonesia mas,positif"
584,"lps kira ekonomi indonesia lanjut tumbuh daya tahan ekonomi indonesia mas,positif"
585,"lps kira ekonomi indonesia lanjut tumbuh daya tahan ekonomi indonesia mas,positif"
586,"indonesia susul kaya gak resesi kaya china korea jepang indo fenomena,negatif"
587,"indonesia susul kaya gak resesi kaya china korea jepang indo fenomena,negatif"
588,"optimal ada produk negeri kepala lkpp indonesia lepas resesi kepala lembaga,positif"
589,"indonesia susul kaya gak resesi kaya china korea jepang indo fenomena,negatif"
590,"lps kira ekonomi indonesia lanjut tumbuh daya tahan ekonomi indonesia mas,positif"
591,"indonesia susul kaya gak resesi kaya china korea jepang indo fenomena,negatif"
592,"buat nek iseh iso tuku rokok dolan cengengesan nek lg rande det ono sing silih gelem nyilih berai,netral"
593,"indonesia susul kaya gak resesi kaya china korea jepang indo fenomena,negatif"
594,"lps kira ekonomi indonesia lanjut tumbuh daya tahan ekonomi indonesia,positif"
595,"indonesia susul kaya gak resesi kaya china korea jepang indo fenomena,negatif"
596,"indonesia susul kaya gak resesi kaya china korea jepang indo fenomena,negatif"
597,"indonesia susul kaya gak resesi kaya china korea jepang indo fenomena,negatif"
598,"ancam resesi global ekonomi indonesia jalan indonesia pulih dukung,positif"
599,"indonesia optimis capai waspada proyeksi imf negara alami re,netral"
600,"dosen spog cerita sebenernya fenomena cocok resesi reproduksi ketimbang r,netral"
601,"indonesia susul kaya gak resesi kaya china korea jepang indo fenomena,negatif"
602,"indonesia susul kaya gak resesi kaya china korea jepang indo fenomena,negatif"
603,"indonesia susul kaya gak resesi kaya china korea jepang indo fenomena,negatif"
604,"kalo resesi ya masyarakat desa sungguh pengaruh gaya hidup amp sumber daya,netral"
605,"desa orang gak ngomong ancam resesi hidup baikbaik jujur gak peduli su,negatif"
606,"indonesia susul kaya gak resesi kaya china korea jepang indo fenomena,negatif"
607,"indonesia susul kaya gak resesi kaya china korea jepang indo fenomena,negatif"
608,"indonesia susul kaya gak resesi kaya china korea jepang indo fenomena,negatif"
609,"indonesia susul kaya gak resesi kaya china korea jepang indo fenomena,negatif"
610,"indonesia susul kaya gak resesi kaya china korea jepang indo fenomena,negatif"
611,"resesi negara resesi pdb minus kuaal beurutturut ekonomi ri,netral"
612,"halo gimana nih kabar pasuk sayang ba,netral"
613,"ainya resesi us sdh jadi spt sana resesi,negatif"
614,"indonesia susul kaya gak resesi kaya china korea jepang indo fenomena,negatif"
615,"indonesia susul kaya gak resesi kaya china korea jepang indo fenomena,negatif"
616,"resesi negara resesi pdb minus kuaal beurutturut ekonomi ri,netral"
617,"tarip pdam alami naik berat rakyat ekonomi alami resesiini bentuk dzaliman pengu,negatif"
618,"resesi negara resesi pdb minus kuaal beurutturut ekonomi ri,netral"
619,"tarip pdam alami naik berat rakyat ekonomi alami resesiini bentuk dzaliman pengu,negatif"
620,"indonesia susul kaya gak resesi kaya china korea jepang indo fenomena,negatif"
621,"diskursus pajak umum kerja fiskal gembira deret mitigasi dala,positif"
622,"tarip pdam alami naik berat rakyat ekonomi alami resesiini bentuk dzaliman pengu,negatif"
623,"tarip pdam alami naik berat rakyat ekonomi alami resesiini bentuk dzaliman pengu,negatif"
624,"indonesia susul kaya gak resesi kaya china korea jepang indo fenomena,negatif"
625,"indonesia susul kaya gak resesi kaya china korea jepang indo fenomena,negatif"
626,"indonesia susul kaya gak resesi kaya china korea jepang indo fenomena,negatif"
627,"tarip pdam alami naik berat rakyat ekonomi alami resesiini bentuk dzaliman pengu,negatif"
628,"indonesia susul kaya gak resesi kaya china korea jepang indo fenomena,negatif"
629,"indonesia susul kaya gak resesi kaya china korea jepang indo fenomena,negatif"
630,"indonesia susul kaya gak resesi kaya china korea jepang indo fenomena,negatif"
631,"indonesia susul kaya gak resesi kaya china korea jepang indo fenomena,negatif"
632,"indonesia susul kaya gak resesi kaya china korea jepang indo fenomena,negatif"
633,"indonesia susul kaya gak resesi kaya china korea jepang indo fenomena,negatif"
634,"indonesia susul kaya gak resesi kaya china korea jepang indo fenomena,negatif"
635,"beli apaapa bikin resesi,negatif"
636,"indonesia susul kaya gak resesi kaya china korea jepang indo fenomena,negatif"
637,"indonesia susul kaya gak resesi kaya china korea jepang indo fenomena,negatif"
638,"indonesia susul kaya gak resesi kaya china korea jepang indo fenomena,negatif"
639,"indonesia susul kaya gak resesi kaya china korea jepang indo fenomena,negatif"
640,"phk ekonomi alami resesi masyarakat pontangpanting putar otak hid,negatif"
641,"indonesia susul kaya gak resesi kaya china korea jepang indo fenomena,negatif"
642,"indonesia susul kaya gak resesi kaya china korea jepang indo fenomena,negatif"
643,"indonesia susul kaya gak resesi kaya china korea jepang indo fenomena,negatif"
644,"tarif pdam alami naik konsumsi air langgan bayar ngutang,netral"
645,"indonesia susul kaya gak resesi kaya china korea jepang indo fenomena,negatif"
646,"tarif pdam wilayah alami naik rakyat bangkit pandemi butuh j,negatif"
647,"hadap jaman skrg yg dlm resesi muter otak hemat nabung banyak nya skrg w kalo beli ba,negatif"
648,"indonesia susul kaya gak resesi kaya china korea jepang indo fenomena,negatif"
649,"indonesia susul kaya gak resesi kaya china korea jepang indo fenomena,negatif"
650,"indonesia susul kaya gak resesi kaya china korea jepang indo fenomena,negatif"
651,"indonesia susul kaya gak resesi kaya china korea jepang indo fenomena,negatif"
652,"indonesia susul kaya gak resesi kaya china korea jepang indo fenomena,negatif"
653,"bru kemarin jdi negara maju ga kena dampak perangresesi,netral"
654,"imbas resesi seks china lapor susut angka lahir populasi ketarketir,negatif"
655,"indonesia susul kaya gak resesi kaya china korea jepang indo fenomena,negatif"
656,"indonesia susul kaya gak resesi kaya china korea jepang indo fenomena,negatif"
657,"indonesia susul kaya gak resesi kaya china korea jepang indo fenomena,negatif"
658,"indonesia susul kaya gak resesi kaya china korea jepang indo fenomena,negatif"
659,"indonesia susul kaya gak resesi kaya china korea jepang indo fenomena,negatif"
660,"indonesia susul kaya gak resesi kaya china korea jepang indo fenomena,negatif"
661,"indonesia susul kaya gak resesi kaya china korea jepang indo fenomena,negatif"
662,"indonesia susul kaya gak resesi kaya china korea jepang indo fenomena,negatif"
663,"indonesia susul kaya gak resesi kaya china korea jepang indo fenomena,negatif"
664,"berita baik cerita gagal nato imf ekonomi rusia,netral"
665,"indonesia susul kaya gak resesi kaya china korea jepang indo fenomena,negatif"
666,"resesi,negatif"
667,"indonesia susul kaya gak resesi kaya china korea jepang indo fenomena,negatif"
668,"indonesia susul kaya gak resesi kaya china korea jepang indo fenomena,negatif"
669,"indonesia susul kaya gak resesi kaya china korea jepang indo fenomena,negatif"
670,"indonesia susul kaya gak resesi kaya china korea jepang indo fenomena,negatif"
671,"indonesia susul kaya gak resesi kaya china korea jepang indo fenomena,negatif"
672,"buddyku headline download aplikasi buddyku aplikasi pintar peama ribu be,netral"
673,"indonesia susul kaya gak resesi kaya china korea jepang indo fenomena,negatif"
674,"indo sih susah cuy katane egk ad resesi natalitas wrwrwr,netral"
675,"indonesia susul kaya gak resesi kaya china korea jepang indo fenomena,negatif"
676,"raup untung banyak wajar sih ekonomi dunia arah cekung antisipasi,netral"
677,"indonesia susul kaya gak resesi kaya china korea jepang indo fenomena,negatif"
678,"indonesia susul kaya gak resesi kaya china korea jepang indo fenomena,negatif"
679,"turut situasi makro dampak dgn turun drastis balik arah y,netral"
680,"ayo biden manipulasi data dikit dibedakin dikit bilang resesi inget lho,negatif"
681,"perintah obral insentif pajak tarik dana proyek mercusuar kota ancam k,netral"
682,"resesi ancam negaranegara dunia respons menteri bumn erick thohir opti,netral"
683,"indonesia susul kaya gak resesi kaya china korea jepang indo fenomena,negatif"
684,"yuk sinergi hadap resesi jdi solusi tiap daerah,positif"
685,"yuk sinergi hadap resesi jdi solusi tiap daerah,positif"
686,"indonesia susul kaya gak resesi kaya china korea jepang indo fenomena,negatif"
687,"indonesia susul kaya gak resesi kaya china korea jepang indo fenomena,negatif"
688,"gausah mandi air mahal skrg resesi,negatif"
689,"chelsea peduli ancam resesi global,netral"
690,"indonesia susul kaya gak resesi kaya china korea jepang indo fenomena,negatif"
691,"isu resesi tanggulang stunting indonesia,netral"
692,"indonesia susul kaya gak resesi kaya china korea jepang indo fenomena,negatif"
693,"hutan brazil pulih indonesia hindar resesi dunia silat hmmm ckckck hmm,netral"
694,"udh mah resesi,negatif"
695,"resesi ancam negaranegara dunia respons menteri bumn erick thohir optimistis ekonomi indonesia,netral"
696,"saham anti badai bjtm shm isu resesi inflasi stagflasi depresi naturalisasi saham tahan banting yield ged,positif"
697,"hutan brazil pulih indonesia hindar resesi dunia silat hmmm ck,netral"
698,"duduk kualitas kuat ekonomi negara negara alami resesi seks,netral"
699,"sidang opo sek iki sidang cerai mosok slameti mbakmas mending fokus kerja dmana s,netral"
700,"lu jgn tololselama th indonesia amp dunia kena covid otomatis dapat amp pajak neg,negatif"
701,"kalo resesi ya masyarakat desa sungguh pengaruh gaya hidup amp sumber daya,netral"
702,"china aku anak nikah gegara resesi seks,netral"
703,"tahun rb resesi is real,negatif"
704,"alkhamdulilah resesi negri gemah ripah loh jawi ya jokowi rakyat panjenengan,positif"
705,"indonesia g resesi,netral"
706,"berani dunia yg waspada resesi liat depan trf model kaya gin,negatif"
707,"badai resesi gimana nasib orang miskin ri,negatif"
708,"resesi pegawai landa,negatif"
709,"resesi negara resesi pdb minus kuaal beurutturut ekonomi ri,netral"
710,"resesi negara resesi pdb minus kuaal beurutturut ekonomi ri,netral"
711,"resesi negara resesi pdb minus kuaal beurutturut ekonomi ri,netral"
712,"bang kerja aja abangkehidupan sulit bang benerresesi tuh orang pei,negatif"
713,"juta solusi resesi perhati klik install web mesin uang,negatif"
714,"yg menundagamau nikah tp gue cm s yg udh sadar kalo hi,netral"
715,"resesi negara resesi pdb minus kuaal beurutturut ekonomi ri,netral"
716,"halo gimana nih kabar pasuk sayang ba,netral"
717,"gatau deh tp resesi,netral"
718,"resesi negara resesi pdb minus kuaal beurutturut ekonomi ri,netral"
719,"resesi negara resesi pdb minus kuaal beurutturut ekonomi ri,netral"
720,"resesi negara resesi pdb minus kuaal beurutturut ekonomi ri,netral"
721,"resesi negara resesi pdb minus kuaal beurutturut ekonomi ri,netral"
722,"resesi negara resesi pdb minus kuaal beurutturut ekonomi ri,netral"
723,"resesi negara resesi pdb minus kuaal beurutturut ekonomi ri,netral"
724,"tahun isu resesi gimana bahan pokok gimana kalo resesi kasi rakyat,negatif"
725,"resesi negara resesi pdb minus kuaal beurutturut ekonomi ri,netral"
726,"resesi negara resesi pdb minus kuaal beurutturut ekonomi ri,netral"
727,"resesi negara resesi pdb minus kuaal beurutturut ekonomi ri,netral"
728,"resesi negara resesi pdb minus kuaal beurutturut ekonomi ri,netral"
729,"lancar roda ekonomimonggo laris luur kahan sepi mergo resesi,positif"
730,"resesi negara resesi pdb minus kuaal beurutturut ekonomi ri,netral"
731,"resesi negara resesi pdb minus kuaal beurutturut ekonomi ri,netral"
732,"resesi negara resesi pdb minus kuaal beurutturut ekonomi ri,netral"
733,"hadap resesi celah tambah utang negara siap naik pajak naik bbm,negatif"
734,"resesi negara resesi pdb minus kuaal beurutturut ekonomi ri,netral"
735,"resesi negara resesi pdb minus kuaal beurutturut ekonomi ri,netral"
736,"resesi negara resesi pdb minus kuaal beurutturut ekonomi ri,netral"
737,"resesi negara resesi pdb minus kuaal beurutturut ekonomi ri,netral"
738,"resesi negara resesi pdb minus kuaal beurutturut ekonomi ri,netral"
739,"indonesia susul kaya gak resesi kaya china korea jepang indo fenomena,negatif"
740,"bisnis kaya turun ya gegara resesi hmm susah banget cari klien,negatif"
741,"mending kayak gw resesi gw sibuk ngestock hentai,netral"
742,"resesi negara resesi pdb minus kuaal beurutturut ekonomi ri,netral"
743,"resesi negara resesi pdb minus kuaal beurutturut ekonomi ri,netral"
744,"resesi negara resesi pdb minus kuaal beurutturut ekonomi ri,netral"
745,"biasa antisipasi hadap resesi,netral"
746,"badai resesi sektor real estat propei lpkr incar beli rumah peama tangerang,netral"
747,"indonesia susul kaya gak resesi kaya china korea jepang indo f,negatif"
748,"resesi ekonomi indonesia alami resesi,netral"
749,"orang ekonomi stabil orang phk kantor tund,netral"
750,"resesi negara resesi pdb minus kuaal beurutturut ekonomi ri,netral"
751,"kalo resesi ya masyarakat desa sungguh pengaruh gaya hidup amp sumber daya,netral"
752,"kpd waspada ancam resesi yg nampak muka sebabresesi ber,netral"
753,"oke resesi ilusihanya lambat minus syukur growth,positif"
754,"indonesia resesi ancam serius,netral"
755,"kpd waspada ancam resesi yg nampak muka sebabresesi ber,netral"
756,"kpd waspada ancam resesi yg nampak muka sebabresesi ber,netral"
757,"kpd waspada ancam resesi yg nampak muka sebabresesi ber,netral"
758,"kalo resesi ya masyarakat desa sungguh pengaruh gaya hidup amp sumber daya,netral"
759,"kpd waspada ancam resesi yg nampak muka sebabresesi ber,netral"
760,"resesi nya indo banyak konser printilan nya,negatif"
761,"badai resesi gimana nasib orang miskin ri,negatif"
762,"sesuai prediksi resesi,negatif"
763,"resesi negara resesi pdb minus kuaal beurutturut ekon,netral"
764,"negara dunia masuk jurang resesi akibat sulit gera ekonomi,netral"
765,"tvr setjen dpr ri ekonomi indonesia beahan pusat kaji anggar badan ahli setjen d,positif"
766,"indonesia negara kena resesi indonesia mantisipasi ancam resesi me,netral"
767,"gak khawatir ya ngopi bli ngobrol pinter bareng bi bal,positif"
768,"tengah resesi pei stabil ekonomi ketua kadin,netral"
769,"halo gimana nih kabar pasuk sayang,netral"
770,"gegara terpa resesi seks provinsi china boleh pasang meni mendaftarka,negatif"
771,"weh resesi iflasi weh ngapa harga barang ttp dah,negatif"
772,"gak dipikirin yg gimana ngadapin resesi gitulho,netral"
773,"akhirakhir brand smaphone ubah minor kasat mata efek hardware sho,netral"
774,"tengah resesi pei stabil ekonomi,positif"
775,"ancam resesi global sadar resiliensi bisnis industri d,netral"
776,"gegara terpa resesi seks provinsi china boleh pasang meni mendaftarka,negatif"
777,"perppu ciptaker lebih selamat indonesia ancam resesi dunia simak lebih video be,positif"
778,"kepala bidang kabid tenaga kerja erwin nainggolan kuat sektor ekonomi bas rakyat sal,netral"
779,"fix resesi,negatif"
780,"perppu ciptaker lebih selamat indonesia ancam resesi dunia simak lebih d,positif"
781,"resesi seks,netral"
782,"bang orang pinter dampak resesi ekonomi dunia plis joejoer,netral"
783,"kalo resesi ya masyarakat desa sungguh pengaruh gaya hidup amp sumber daya,netral"
784,"januari februari maret april masa resesi resesi nampak depan mata hemat kebutu,negatif"
785,"ceo usaha xyz gerak bidang teknologi komunikasi usaha ip,netral"
786,"gegara terpa resesi seks provinsi china boleh pasang meni mendaftarka,negatif"
787,"salah satu kait inflasi pengaruh ekonomi dunia alami resesi,negatif"
788,"bye resesi amro ramal ekonomi ri tumbuh,positif"
789,"tari hambat resesi,positif"
790,"trade gold octafx register emas beahan dolar tenggelam kh,netral"
791,"salah satu kait inflasi pengaruh ekonomi dunia alami resesi picu,negatif"
792,"workshop link and match dunia didik dg dunia kerja negeri hadap resesi,netral"
793,"pantes lizal lamli gak teriak teriak resesi masuk goa kali orang,negatif"
794,"cari sugar mommy sugar daddy hahaha dunia resesi,netral"
795,"emas ku lg suka beli emas jaga jaga takut bnrn resesi,netral"
796,"moa kenal resesi udh kaya angin kali resesi mah ayang,negatif"
797,"workshop link and match dunia didik dg dunia kerja negeri hadap resesi,netral"
798,"resesi seks jepang parah perintah putus bentuk badan khusus tangan sima,netral"
799,"hadap resesi celah tambah utang negara siap naik pajak naik bbm,negatif"
800,"salah satu kait inflasi pengaruh ekonomi dunia alami resesi picu,negatif"
801,"bu gak segitu keri dampak perang nuklir picu resesi dunia down,negatif"
802,"resesi gak wkwk,netral"
803,"salah satu kait inflasi pengaruh ekonomi dunia alami resesi picu,negatif"
804,"baca berita resesi seks resesi hamil kelahiranorang hubung sex buka,netral"
805,"kirain ru uud resesi ekonomi,netral"
806,"alami resesi picu miskin ganggu stabilitas politik aman,negatif"
807,"pabrik sepi resesi,negatif"
808,"hadap resesi celah tambah utang negara siap naik pajak naik bbm,negatif"
809,"salah satu kait inflasi pengaruh ekonomi dunia alami resesi,negatif"
810,"salah satu kait inflasi pengaruh ekonomi dunia alami resesi,negatif"
811,"salah satu kait inflasi pengaruh ekonomi dunia alami resesi picu kemis,negatif"
812,"resesi,netral"
813,"alami resesi picu miskin ganggu stabilitas politik aman,negatif"
814,"pandemi covid mempeebal utang perintah kondisi bayang wajah ekonomi ten,netral"
815,"resesi seks jepang parah perintah putus bentuk badan khusus tangan sima,netral"
816,"gw udah miskin yee sutiwiii lu tau sendiri resesi gw dr januari ajaaaa,negatif"
817,"tantang pariwisata milu resesi inovasi,netral"
818,"badai resesi gimana nasib orang miskin ri,negatif"
819,"jaga resesi,netral"
820,"pandemi covid mempeebal utang perintah kondisi bayang wajah ekonomi ten,netral"
821,"resesi seks jepang parah perintah putus bentuk badan khusus tangan sima,netral"
822,"salah satu kait inflasi pengaruh ekonomi dunia alami resesi picu,negatif"
823,"indonesia negara kena resesi indonesia mantisipasi ancam resesi me,netral"
824,"resesi bisnis lokal sepi lost potensi pasar yg google maps,netral"
825,"peumbuhan ekonomi ri indonesia bebas resesi,positif"
826,"peumbuhan ekonomi ri indonesia bebas resesi,positif"
827,"salah satu kait inflasi pengaruh ekonomi dunia alami resesi picu,negatif"
828,"peumbuhan duduk imbang jokowi senang indonesia hindar resesi seks aremania yuli sumpil andy carroll eriks,positif"
